{
  "Ansi 7 Color (Light)" : {
    "Red Component" : 0.50980392156862742,
    "Color Space" : "sRGB",
    "Blue Component" : 0.72156862745098038,
    "Alpha Component" : 1,
    "Green Component" : 0.54509803921568623
  },
  "Ansi 15 Color (Light)" : {
    "Red Component" : 0.78431372549019607,
    "Color Space" : "sRGB",
    "Blue Component" : 0.96078431372549022,
    "Alpha Component" : 1,
    "Green Component" : 0.82745098039215681
  },
  "Ansi 2 Color (Light)" : {
    "Red Component" : 0.76470588235294112,
    "Color Space" : "sRGB",
    "Blue Component" : 0.55294117647058827,
    "Alpha Component" : 1,
    "Green Component" : 0.90980392156862744
  },
  "Bold Color" : {
    "Red Component" : 0.062745101749897003,
    "Color Space" : "sRGB",
    "Blue Component" : 0.062745101749897003,
    "Alpha Component" : 1,
    "Green Component" : 0.062745101749897003
  },
  "Ansi 1 Color (Dark)" : {
    "Red Component" : 1,
    "Color Space" : "sRGB",
    "Blue Component" : 0.49803921568627452,
    "Alpha Component" : 1,
    "Green Component" : 0.45882352941176469
  },
  "Use Bright Bold" : true,
  "Ansi 9 Color (Light)" : {
    "Red Component" : 1,
    "Color Space" : "sRGB",
    "Blue Component" : 0.49803921568627452,
    "Alpha Component" : 1,
    "Green Component" : 0.45882352941176469
  },
  "Ansi 8 Color (Dark)" : {
    "Red Component" : 0.26666666666666672,
    "Color Space" : "sRGB",
    "Blue Component" : 0.45098039215686281,
    "Alpha Component" : 1,
    "Green Component" : 0.29019607843137257
  },
  "Background Color" : {
    "Red Component" : 0.97999999999999998,
    "Color Space" : "sRGB",
    "Blue Component" : 0.97999999999999998,
    "Alpha Component" : 1,
    "Green Component" : 0.97999999999999998
  },
  "Columns" : 80,
  "Ansi 8 Color" : {
    "Red Component" : 0.40781760215759277,
    "Color Space" : "sRGB",
    "Blue Component" : 0.4078223705291748,
    "Alpha Component" : 1,
    "Green Component" : 0.40782788395881653
  },
  "Right Option Key Sends" : 0,
  "Ansi 4 Color (Light)" : {
    "Red Component" : 0.50980392156862742,
    "Color Space" : "sRGB",
    "Blue Component" : 1,
    "Alpha Component" : 1,
    "Green Component" : 0.66666666666666663
  },
  "Blinking Cursor" : false,
  "Selected Text Color (Light)" : {
    "Red Component" : 0.78431372549019607,
    "Color Space" : "sRGB",
    "Blue Component" : 0.96078431372549022,
    "Alpha Component" : 1,
    "Green Component" : 0.82745098039215681
  },
  "Selected Text Color (Dark)" : {
    "Red Component" : 0.78431372549019607,
    "Color Space" : "sRGB",
    "Blue Component" : 0.96078431372549022,
    "Alpha Component" : 1,
    "Green Component" : 0.82745098039215681
  },
  "Ansi 3 Color (Dark)" : {
    "Red Component" : 1,
    "Color Space" : "sRGB",
    "Blue Component" : 0.46666666666666667,
    "Alpha Component" : 1,
    "Green Component" : 0.7803921568627451
  },
  "Keyboard Map" : {

  },
  "Visual Bell" : true,
  "Only The Default BG Color Uses Transparency" : true,
  "Cursor Text Color" : {
    "Red Component" : 1,
    "Color Space" : "sRGB",
    "Blue Component" : 1,
    "Alpha Component" : 1,
    "Green Component" : 1
  },
  "Scrollback Lines" : 1000,
  "Selection Color (Light)" : {
    "Red Component" : 0.1764705882352941,
    "Color Space" : "sRGB",
    "Blue Component" : 0.46274509803921571,
    "Alpha Component" : 1,
    "Green Component" : 0.2470588235294118
  },
  "Ansi 0 Color" : {
    "Red Component" : 0.078431375324726105,
    "Color Space" : "sRGB",
    "Blue Component" : 0.11764705926179886,
    "Alpha Component" : 1,
    "Green Component" : 0.098039217293262482
  },
  "Match Background Color (Dark)" : {
    "Red Component" : 0.99697142839431763,
    "Color Space" : "P3",
    "Blue Component" : 0.32116127014160156,
    "Alpha Component" : 1,
    "Green Component" : 0.98600882291793823
  },
  "Ansi 11 Color (Light)" : {
    "Red Component" : 1,
    "Color Space" : "sRGB",
    "Blue Component" : 0.46666666666666667,
    "Alpha Component" : 1,
    "Green Component" : 0.7803921568627451
  },
  "Ansi 5 Color (Dark)" : {
    "Red Component" : 0.75294117647058822,
    "Color Space" : "sRGB",
    "Blue Component" : 1,
    "Alpha Component" : 1,
    "Green Component" : 0.59999999999999998
  },
  "Cursor Text Color (Light)" : {
    "Red Component" : 0.1333333333333333,
    "Color Space" : "sRGB",
    "Blue Component" : 0.21176470588235291,
    "Alpha Component" : 1,
    "Green Component" : 0.14117647058823529
  },
  "Silence Bell" : false,
  "Rows" : 25,
  "Draw Powerline Glyphs" : true,
  "Guid" : "4E558010-C71A-46B9-BA90-A50EF6CC142F",
  "Ansi 14 Color (Dark)" : {
    "Red Component" : 0.52549019607843139,
    "Color Space" : "sRGB",
    "Blue Component" : 0.9882352941176471,
    "Alpha Component" : 1,
    "Green Component" : 0.88235294117647056
  },
  "Ansi 15 Color (Dark)" : {
    "Red Component" : 0.78431372549019607,
    "Color Space" : "sRGB",
    "Blue Component" : 0.96078431372549022,
    "Alpha Component" : 1,
    "Green Component" : 0.82745098039215681
  },
  "Ansi 0 Color (Dark)" : {
    "Red Component" : 0.1058823529411765,
    "Color Space" : "sRGB",
    "Blue Component" : 0.1686274509803922,
    "Alpha Component" : 1,
    "Green Component" : 0.1137254901960784
  },
  "Ambiguous Double Width" : false,
  "Option Key Sends" : 0,
  "Ansi 3 Color" : {
    "Red Component" : 0.78058648109436035,
    "Color Space" : "sRGB",
    "Blue Component" : 0,
    "Alpha Component" : 1,
    "Green Component" : 0.76959484815597534
  },
  "Window Type" : 0,
  "BM Growl" : true,
  "Prompt Before Closing 2" : false,
  "Command" : "",
  "Selected Text Color" : {
    "Red Component" : 0,
    "Color Space" : "sRGB",
    "Blue Component" : 0,
    "Alpha Component" : 1,
    "Green Component" : 0
  },
  "Ansi 14 Color (Light)" : {
    "Red Component" : 0.52549019607843139,
    "Color Space" : "sRGB",
    "Blue Component" : 0.9882352941176471,
    "Alpha Component" : 1,
    "Green Component" : 0.88235294117647056
  },
  "Cursor Guide Color (Dark)" : {
    "Red Component" : 0.78431372549019607,
    "Color Space" : "sRGB",
    "Blue Component" : 0.96078431372549022,
    "Alpha Component" : 0.25,
    "Green Component" : 0.82745098039215681
  },
  "Send Code When Idle" : false,
  "Ansi 6 Color" : {
    "Red Component" : 0,
    "Color Space" : "sRGB",
    "Blue Component" : 0.78166204690933228,
    "Alpha Component" : 1,
    "Green Component" : 0.77425903081893921
  },
  "Jobs to Ignore" : [
    "rlogin",
    "ssh",
    "slogin",
    "telnet"
  ],
  "Badge Color (Dark)" : {
    "Red Component" : 1,
    "Color Space" : "sRGB",
    "Blue Component" : 0,
    "Alpha Component" : 0.5,
    "Green Component" : 0.1491314172744751
  },
  "Cursor Color" : {
    "Red Component" : 0,
    "Color Space" : "sRGB",
    "Blue Component" : 0,
    "Alpha Component" : 1,
    "Green Component" : 0
  },
  "Vertical Spacing" : 1,
  "Disable Window Resizing" : false,
  "Close Sessions On End" : true,
  "Selection Color (Dark)" : {
    "Red Component" : 0.1764705882352941,
    "Color Space" : "sRGB",
    "Blue Component" : 0.46274509803921571,
    "Alpha Component" : 1,
    "Green Component" : 0.2470588235294118
  },
  "Default Bookmark" : "No",
  "Foreground Color (Light)" : {
    "Red Component" : 0.78431372549019607,
    "Color Space" : "sRGB",
    "Blue Component" : 0.96078431372549022,
    "Alpha Component" : 1,
    "Green Component" : 0.82745098039215681
  },
  "Custom Command" : "No",
  "Background Color (Dark)" : {
    "Red Component" : 0.1333333333333333,
    "Color Space" : "sRGB",
    "Blue Component" : 0.21176470588235291,
    "Alpha Component" : 1,
    "Green Component" : 0.14117647058823529
  },
  "Ansi 9 Color" : {
    "Red Component" : 0.8659515380859375,
    "Color Space" : "sRGB",
    "Blue Component" : 0.45833224058151245,
    "Alpha Component" : 1,
    "Green Component" : 0.47524076700210571
  },
  "Ansi 14 Color" : {
    "Red Component" : 0.37597531080245972,
    "Color Space" : "sRGB",